{
  "project_info": {
    "project_number": "1067538422309",
    "firebase_url": "https://rentee-eece9.firebaseio.com",
    "project_id": "rentee-eece9",
    "storage_bucket": "rentee-eece9.appspot.com"
  },
  "client": [
    {
      "client_info": {
        "mobilesdk_app_id": "1:1067538422309:android:3d2c079b6abda10532bdcc",
        "android_client_info": {
          "package_name": "com.rentee.rentee"
        }
      },
      "oauth_client": [
        {
          "client_id": "1067538422309-uhkjopjdta7fp7qm432p9ugt9bf5qumr.apps.googleusercontent.com",
          "client_type": 1,
          "android_info": {
            "package_name": "com.rentee.rentee",
            "certificate_hash": "2c24442b9a20f53a31d8a76ec267b9e492dd7992"
          }
        },
        {
          "client_id": "1067538422309-d7rkj4rd5lq66dvsdsqe6g4ohbfcfd4l.apps.googleusercontent.com",
          "client_type": 3
        }
      ],
      "api_key": [
        {
          "current_key": "AIzaSyBGkF3dS9xecJQTqUOuFE0lQNDx234ccQw"
        }
      ],
      "services": {
        "appinvite_service": {
          "other_platform_oauth_client": [
            {
              "client_id": "1067538422309-d7rkj4rd5lq66dvsdsqe6g4ohbfcfd4l.apps.googleusercontent.com",
              "client_type": 3
            }
          ]
        }
      }
    }
  ],
  "configuration_version": "1"
}